tradingsymbol,expiry
BANKNIFTY1,
BANKNIFTY24MAYFUT,29/05/2024
BANKNIFTY2443048200CE,30/04/2024
BANKNIFTY2443048200PE,30/04/2024
BANKNIFTY2443048100CE,30/04/2024
BANKNIFTY2443048100PE,30/04/2024
BANKNIFTY2443048300CE,30/04/2024
BANKNIFTY2443048300PE,30/04/2024
BANKNIFTY2443048000CE,30/04/2024
BANKNIFTY2443048000PE,30/04/2024
BANKNIFTY2443048400CE,30/04/2024
BANKNIFTY2443048400PE,30/04/2024
BANKNIFTY2443047900CE,30/04/2024
BANKNIFTY2443047900PE,30/04/2024
BANKNIFTY2443048500CE,30/04/2024
BANKNIFTY2443048500PE,30/04/2024
BANKNIFTY2443047800CE,30/04/2024
BANKNIFTY2443047800PE,30/04/2024
BANKNIFTY2443048600CE,30/04/2024
BANKNIFTY2443048600PE,30/04/2024
BANKNIFTY2443047700CE,30/04/2024
BANKNIFTY2443047700PE,30/04/2024
BANKNIFTY2443048700CE,30/04/2024
BANKNIFTY2443048700PE,30/04/2024
BANKNIFTY2443047600CE,30/04/2024
BANKNIFTY2443047600PE,30/04/2024
BANKNIFTY2443048800CE,30/04/2024
BANKNIFTY2443048800PE,30/04/2024
BANKNIFTY2443047500CE,30/04/2024
BANKNIFTY2443047500PE,30/04/2024
BANKNIFTY2443048900CE,30/04/2024
BANKNIFTY2443048900PE,30/04/2024
BANKNIFTY2443049000PE,30/04/2024
BANKNIFTY2443056500CE,30/04/2024
BANKNIFTY2443056500PE,30/04/2024
BANKNIFTY2443056000CE,30/04/2024
BANKNIFTY2443056000PE,30/04/2024
BANKNIFTY2443055500CE,30/04/2024
BANKNIFTY2443055500PE,30/04/2024
BANKNIFTY2443055000CE,30/04/2024
BANKNIFTY2443055000PE,30/04/2024
BANKNIFTY2443054500CE,30/04/2024
BANKNIFTY2443054500PE,30/04/2024
BANKNIFTY2443054000CE,30/04/2024
BANKNIFTY2443054000PE,30/04/2024
BANKNIFTY2443053500CE,30/04/2024
BANKNIFTY2443053500PE,30/04/2024
BANKNIFTY2443053000CE,30/04/2024
BANKNIFTY2443053000PE,30/04/2024
BANKNIFTY2443052500CE,30/04/2024
BANKNIFTY2443052500PE,30/04/2024
BANKNIFTY2443052000CE,30/04/2024
BANKNIFTY2443052000PE,30/04/2024
BANKNIFTY2443051900CE,30/04/2024
BANKNIFTY2443051900PE,30/04/2024
BANKNIFTY2443051800CE,30/04/2024
BANKNIFTY2443051800PE,30/04/2024
BANKNIFTY2443051700CE,30/04/2024
BANKNIFTY2443051700PE,30/04/2024
BANKNIFTY2443051600CE,30/04/2024
BANKNIFTY2443051600PE,30/04/2024
BANKNIFTY2443051500CE,30/04/2024
BANKNIFTY2443051500PE,30/04/2024
BANKNIFTY2443051400CE,30/04/2024
BANKNIFTY2443051400PE,30/04/2024
BANKNIFTY2443051300CE,30/04/2024
BANKNIFTY2443051300PE,30/04/2024
BANKNIFTY2443051200CE,30/04/2024
BANKNIFTY2443051200PE,30/04/2024
BANKNIFTY2443051100CE,30/04/2024
BANKNIFTY2443051100PE,30/04/2024
BANKNIFTY2443051000CE,30/04/2024
BANKNIFTY2443051000PE,30/04/2024
BANKNIFTY2443050900CE,30/04/2024
BANKNIFTY2443050900PE,30/04/2024
BANKNIFTY2443050800CE,30/04/2024
BANKNIFTY2443050800PE,30/04/2024
BANKNIFTY2443050700CE,30/04/2024
BANKNIFTY2443050700PE,30/04/2024
BANKNIFTY2443050600CE,30/04/2024
BANKNIFTY2443050600PE,30/04/2024
BANKNIFTY2443050500CE,30/04/2024
BANKNIFTY2443050500PE,30/04/2024
BANKNIFTY2443050400CE,30/04/2024
BANKNIFTY2443050400PE,30/04/2024
BANKNIFTY2443050300CE,30/04/2024
BANKNIFTY2443050300PE,30/04/2024
BANKNIFTY2443050200CE,30/04/2024
BANKNIFTY2443050200PE,30/04/2024
BANKNIFTY2443050100CE,30/04/2024
BANKNIFTY2443050100PE,30/04/2024
BANKNIFTY2443050000CE,30/04/2024
BANKNIFTY2443050000PE,30/04/2024
BANKNIFTY2443049900CE,30/04/2024
BANKNIFTY2443049900PE,30/04/2024
BANKNIFTY2443049800CE,30/04/2024
BANKNIFTY2443049800PE,30/04/2024
BANKNIFTY2443049700CE,30/04/2024
BANKNIFTY2443049700PE,30/04/2024
BANKNIFTY2443049600CE,30/04/2024
BANKNIFTY2443049600PE,30/04/2024
BANKNIFTY2443049500CE,30/04/2024
BANKNIFTY2443049500PE,30/04/2024
BANKNIFTY2443049400CE,30/04/2024
BANKNIFTY2443049400PE,30/04/2024
BANKNIFTY2443049300CE,30/04/2024
BANKNIFTY2443049300PE,30/04/2024
BANKNIFTY2443049200CE,30/04/2024
BANKNIFTY2443049200PE,30/04/2024
BANKNIFTY2443049100CE,30/04/2024
BANKNIFTY2443049100PE,30/04/2024
BANKNIFTY2443049000CE,30/04/2024
BANKNIFTY2443047400CE,30/04/2024
BANKNIFTY2443047400PE,30/04/2024
BANKNIFTY2443047300CE,30/04/2024
BANKNIFTY2443047300PE,30/04/2024
BANKNIFTY2443047200CE,30/04/2024
BANKNIFTY2443047200PE,30/04/2024
BANKNIFTY2443047100CE,30/04/2024
BANKNIFTY2443047100PE,30/04/2024
BANKNIFTY2443047000CE,30/04/2024
BANKNIFTY2443047000PE,30/04/2024
BANKNIFTY2443046900CE,30/04/2024
BANKNIFTY2443046900PE,30/04/2024
BANKNIFTY2443046800CE,30/04/2024
BANKNIFTY2443046800PE,30/04/2024
BANKNIFTY2443046700CE,30/04/2024
BANKNIFTY2443046700PE,30/04/2024
BANKNIFTY2443046600CE,30/04/2024
BANKNIFTY2443046600PE,30/04/2024
BANKNIFTY2443046500CE,30/04/2024
BANKNIFTY2443046500PE,30/04/2024
BANKNIFTY2443046400CE,30/04/2024
BANKNIFTY2443046400PE,30/04/2024
BANKNIFTY2443046300CE,30/04/2024
BANKNIFTY2443046300PE,30/04/2024
BANKNIFTY2443046200CE,30/04/2024
BANKNIFTY2443046200PE,30/04/2024
BANKNIFTY2443046100CE,30/04/2024
BANKNIFTY2443046100PE,30/04/2024
BANKNIFTY2443046000CE,30/04/2024
BANKNIFTY2443046000PE,30/04/2024
BANKNIFTY2443045900CE,30/04/2024
BANKNIFTY2443045900PE,30/04/2024
BANKNIFTY2443045800CE,30/04/2024
BANKNIFTY2443045800PE,30/04/2024
BANKNIFTY2443045700CE,30/04/2024
BANKNIFTY2443045700PE,30/04/2024
BANKNIFTY2443045600CE,30/04/2024
BANKNIFTY2443045600PE,30/04/2024
BANKNIFTY2443045500CE,30/04/2024
BANKNIFTY2443045500PE,30/04/2024
BANKNIFTY2443045400CE,30/04/2024
BANKNIFTY2443045400PE,30/04/2024
BANKNIFTY2443045300CE,30/04/2024
BANKNIFTY2443045300PE,30/04/2024
BANKNIFTY2443045200CE,30/04/2024
BANKNIFTY2443045200PE,30/04/2024
BANKNIFTY2443045100CE,30/04/2024
BANKNIFTY2443045100PE,30/04/2024
BANKNIFTY2443045000CE,30/04/2024
BANKNIFTY2443045000PE,30/04/2024
BANKNIFTY2443044900CE,30/04/2024
BANKNIFTY2443044900PE,30/04/2024
BANKNIFTY2443044800CE,30/04/2024
BANKNIFTY2443044800PE,30/04/2024
BANKNIFTY2443044700CE,30/04/2024
BANKNIFTY2443044700PE,30/04/2024
BANKNIFTY2443044600CE,30/04/2024
BANKNIFTY2443044600PE,30/04/2024
BANKNIFTY2443044500CE,30/04/2024
BANKNIFTY2443044500PE,30/04/2024
BANKNIFTY2443044400CE,30/04/2024
BANKNIFTY2443044400PE,30/04/2024
BANKNIFTY2443044300CE,30/04/2024
BANKNIFTY2443044300PE,30/04/2024
BANKNIFTY2443044200CE,30/04/2024
BANKNIFTY2443044200PE,30/04/2024
BANKNIFTY2443044100CE,30/04/2024
BANKNIFTY2443044100PE,30/04/2024
BANKNIFTY2443044000CE,30/04/2024
BANKNIFTY2443044000PE,30/04/2024
BANKNIFTY2443043900CE,30/04/2024
BANKNIFTY2443043900PE,30/04/2024
BANKNIFTY2443043800CE,30/04/2024
BANKNIFTY2443043800PE,30/04/2024
BANKNIFTY2443043700CE,30/04/2024
BANKNIFTY2443043700PE,30/04/2024
BANKNIFTY2443043600CE,30/04/2024
BANKNIFTY2443043600PE,30/04/2024
BANKNIFTY2443043500CE,30/04/2024
BANKNIFTY2443043500PE,30/04/2024
BANKNIFTY2443043400CE,30/04/2024
BANKNIFTY2443043400PE,30/04/2024
BANKNIFTY2443043300CE,30/04/2024
BANKNIFTY2443043300PE,30/04/2024
BANKNIFTY2443043000CE,30/04/2024
BANKNIFTY2443043000PE,30/04/2024
BANKNIFTY2443042500CE,30/04/2024
BANKNIFTY2443042500PE,30/04/2024
BANKNIFTY2443042000CE,30/04/2024
BANKNIFTY2443042000PE,30/04/2024
BANKNIFTY2443041500CE,30/04/2024
BANKNIFTY2443041500PE,30/04/2024
BANKNIFTY2443041000CE,30/04/2024
BANKNIFTY2443041000PE,30/04/2024
BANKNIFTY2443040500CE,30/04/2024
BANKNIFTY2443040500PE,30/04/2024
BANKNIFTY2443040000CE,30/04/2024
BANKNIFTY2443040000PE,30/04/2024
BANKNIFTY2443039500CE,30/04/2024
BANKNIFTY2443039500PE,30/04/2024
BANKNIFTY2443039000CE,30/04/2024
BANKNIFTY2443039000PE,30/04/2024
BANKNIFTY2450848200CE,08/05/2024
BANKNIFTY2450848200PE,08/05/2024
BANKNIFTY2450848100CE,08/05/2024
BANKNIFTY2450848100PE,08/05/2024
BANKNIFTY2450848300CE,08/05/2024
BANKNIFTY2450848300PE,08/05/2024
BANKNIFTY2450848000CE,08/05/2024
BANKNIFTY2450848000PE,08/05/2024
BANKNIFTY2450848400CE,08/05/2024
BANKNIFTY2450848400PE,08/05/2024
BANKNIFTY2450847900CE,08/05/2024
BANKNIFTY2450847900PE,08/05/2024
BANKNIFTY2450848500CE,08/05/2024
BANKNIFTY2450848500PE,08/05/2024
BANKNIFTY2450847800CE,08/05/2024
BANKNIFTY2450847800PE,08/05/2024
BANKNIFTY2450848600CE,08/05/2024
BANKNIFTY2450848600PE,08/05/2024
BANKNIFTY2450847700CE,08/05/2024
BANKNIFTY2450847700PE,08/05/2024
BANKNIFTY2450848700CE,08/05/2024
BANKNIFTY2450848700PE,08/05/2024
BANKNIFTY2450847600CE,08/05/2024
BANKNIFTY2450847600PE,08/05/2024
BANKNIFTY2450848800CE,08/05/2024
BANKNIFTY2450848800PE,08/05/2024
BANKNIFTY2450847500CE,08/05/2024
BANKNIFTY2450847500PE,08/05/2024
BANKNIFTY2450848900CE,08/05/2024
BANKNIFTY2450848900PE,08/05/2024
BANKNIFTY2450849000PE,08/05/2024
BANKNIFTY2450856500CE,08/05/2024
BANKNIFTY2450856500PE,08/05/2024
BANKNIFTY2450856000CE,08/05/2024
BANKNIFTY2450856000PE,08/05/2024
BANKNIFTY2450855500CE,08/05/2024
BANKNIFTY2450855500PE,08/05/2024
BANKNIFTY2450855000CE,08/05/2024
BANKNIFTY2450855000PE,08/05/2024
BANKNIFTY2450854500CE,08/05/2024
BANKNIFTY2450854500PE,08/05/2024
BANKNIFTY2450854000CE,08/05/2024
BANKNIFTY2450854000PE,08/05/2024
BANKNIFTY2450853500CE,08/05/2024
BANKNIFTY2450853500PE,08/05/2024
BANKNIFTY2450853000CE,08/05/2024
BANKNIFTY2450853000PE,08/05/2024
BANKNIFTY2450852500CE,08/05/2024
BANKNIFTY2450852500PE,08/05/2024
BANKNIFTY2450852000CE,08/05/2024
BANKNIFTY2450852000PE,08/05/2024
BANKNIFTY2450851900CE,08/05/2024
BANKNIFTY2450851900PE,08/05/2024
BANKNIFTY2450851800CE,08/05/2024
BANKNIFTY2450851800PE,08/05/2024
BANKNIFTY2450851700CE,08/05/2024
BANKNIFTY2450851700PE,08/05/2024
BANKNIFTY2450851600CE,08/05/2024
BANKNIFTY2450851600PE,08/05/2024
BANKNIFTY2450851500CE,08/05/2024
BANKNIFTY2450851500PE,08/05/2024
BANKNIFTY2450851400CE,08/05/2024
BANKNIFTY2450851400PE,08/05/2024
BANKNIFTY2450851300CE,08/05/2024
BANKNIFTY2450851300PE,08/05/2024
BANKNIFTY2450851200CE,08/05/2024
BANKNIFTY2450851200PE,08/05/2024
BANKNIFTY2450851100CE,08/05/2024
BANKNIFTY2450851100PE,08/05/2024
BANKNIFTY2450851000CE,08/05/2024
BANKNIFTY2450851000PE,08/05/2024
BANKNIFTY2450850900CE,08/05/2024
BANKNIFTY2450850900PE,08/05/2024
BANKNIFTY2450850800CE,08/05/2024
BANKNIFTY2450850800PE,08/05/2024
BANKNIFTY2450850700CE,08/05/2024
BANKNIFTY2450850700PE,08/05/2024
BANKNIFTY2450850600CE,08/05/2024
BANKNIFTY2450850600PE,08/05/2024
BANKNIFTY2450850500CE,08/05/2024
BANKNIFTY2450850500PE,08/05/2024
BANKNIFTY2450850400CE,08/05/2024
BANKNIFTY2450850400PE,08/05/2024
BANKNIFTY2450850300CE,08/05/2024
BANKNIFTY2450850300PE,08/05/2024
BANKNIFTY2450850200CE,08/05/2024
BANKNIFTY2450850200PE,08/05/2024
BANKNIFTY2450850100CE,08/05/2024
BANKNIFTY2450850100PE,08/05/2024
BANKNIFTY2450850000CE,08/05/2024
BANKNIFTY2450850000PE,08/05/2024
BANKNIFTY2450849900CE,08/05/2024
BANKNIFTY2450849900PE,08/05/2024
BANKNIFTY2450849800CE,08/05/2024
BANKNIFTY2450849800PE,08/05/2024
BANKNIFTY2450849700CE,08/05/2024
BANKNIFTY2450849700PE,08/05/2024
BANKNIFTY2450849600CE,08/05/2024
BANKNIFTY2450849600PE,08/05/2024
BANKNIFTY2450849500CE,08/05/2024
BANKNIFTY2450849500PE,08/05/2024
BANKNIFTY2450849400CE,08/05/2024
BANKNIFTY2450849400PE,08/05/2024
BANKNIFTY2450849300CE,08/05/2024
BANKNIFTY2450849300PE,08/05/2024
BANKNIFTY2450849200CE,08/05/2024
BANKNIFTY2450849200PE,08/05/2024
BANKNIFTY2450849100CE,08/05/2024
BANKNIFTY2450849100PE,08/05/2024
BANKNIFTY2450849000CE,08/05/2024
BANKNIFTY2450847400CE,08/05/2024
BANKNIFTY2450847400PE,08/05/2024
BANKNIFTY2450847300CE,08/05/2024
BANKNIFTY2450847300PE,08/05/2024
BANKNIFTY2450847200CE,08/05/2024
BANKNIFTY2450847200PE,08/05/2024
BANKNIFTY2450847100CE,08/05/2024
BANKNIFTY2450847100PE,08/05/2024
BANKNIFTY2450847000CE,08/05/2024
BANKNIFTY2450847000PE,08/05/2024
BANKNIFTY2450846900CE,08/05/2024
BANKNIFTY2450846900PE,08/05/2024
BANKNIFTY2450846800CE,08/05/2024
BANKNIFTY2450846800PE,08/05/2024
BANKNIFTY2450846700CE,08/05/2024
BANKNIFTY2450846700PE,08/05/2024
BANKNIFTY2450846600CE,08/05/2024
BANKNIFTY2450846600PE,08/05/2024
BANKNIFTY2450846500CE,08/05/2024
BANKNIFTY2450846500PE,08/05/2024
BANKNIFTY2450846400CE,08/05/2024
BANKNIFTY2450846400PE,08/05/2024
BANKNIFTY2450846300CE,08/05/2024
BANKNIFTY2450846300PE,08/05/2024
BANKNIFTY2450846200CE,08/05/2024
BANKNIFTY2450846200PE,08/05/2024
BANKNIFTY2450846100CE,08/05/2024
BANKNIFTY2450846100PE,08/05/2024
BANKNIFTY2450846000CE,08/05/2024
BANKNIFTY2450846000PE,08/05/2024
BANKNIFTY2450845900CE,08/05/2024
BANKNIFTY2450845900PE,08/05/2024
BANKNIFTY2450845800CE,08/05/2024
BANKNIFTY2450845800PE,08/05/2024
BANKNIFTY2450845700CE,08/05/2024
BANKNIFTY2450845700PE,08/05/2024
BANKNIFTY2450845600CE,08/05/2024
BANKNIFTY2450845600PE,08/05/2024
BANKNIFTY2450845500CE,08/05/2024
BANKNIFTY2450845500PE,08/05/2024
BANKNIFTY2450845400CE,08/05/2024
BANKNIFTY2450845400PE,08/05/2024
BANKNIFTY2450845300CE,08/05/2024
BANKNIFTY2450845300PE,08/05/2024
BANKNIFTY2450845200CE,08/05/2024
BANKNIFTY2450845200PE,08/05/2024
BANKNIFTY2450845100CE,08/05/2024
BANKNIFTY2450845100PE,08/05/2024
BANKNIFTY2450845000CE,08/05/2024
BANKNIFTY2450845000PE,08/05/2024
BANKNIFTY2450844900CE,08/05/2024
BANKNIFTY2450844900PE,08/05/2024
BANKNIFTY2450844800CE,08/05/2024
BANKNIFTY2450844800PE,08/05/2024
BANKNIFTY2450844700CE,08/05/2024
BANKNIFTY2450844700PE,08/05/2024
BANKNIFTY2450844600CE,08/05/2024
BANKNIFTY2450844600PE,08/05/2024
BANKNIFTY2450844500CE,08/05/2024
BANKNIFTY2450844500PE,08/05/2024
BANKNIFTY2450844400CE,08/05/2024
BANKNIFTY2450844400PE,08/05/2024
BANKNIFTY2450844300CE,08/05/2024
BANKNIFTY2450844300PE,08/05/2024
BANKNIFTY2450844200CE,08/05/2024
BANKNIFTY2450844200PE,08/05/2024
BANKNIFTY2450844100CE,08/05/2024
BANKNIFTY2450844100PE,08/05/2024
BANKNIFTY2450844000CE,08/05/2024
BANKNIFTY2450844000PE,08/05/2024
BANKNIFTY2450843500CE,08/05/2024
BANKNIFTY2450843500PE,08/05/2024
BANKNIFTY2450843000CE,08/05/2024
BANKNIFTY2450843000PE,08/05/2024
BANKNIFTY2450842500CE,08/05/2024
BANKNIFTY2450842500PE,08/05/2024
BANKNIFTY2450842000CE,08/05/2024
BANKNIFTY2450842000PE,08/05/2024
BANKNIFTY2450841500CE,08/05/2024
BANKNIFTY2450841500PE,08/05/2024
BANKNIFTY2450841000CE,08/05/2024
BANKNIFTY2450841000PE,08/05/2024
BANKNIFTY2450840500CE,08/05/2024
BANKNIFTY2450840500PE,08/05/2024
BANKNIFTY2450840000CE,08/05/2024
BANKNIFTY2450840000PE,08/05/2024
BANKNIFTY2450839500CE,08/05/2024
BANKNIFTY2450839500PE,08/05/2024
BANKNIFTY2451548200CE,15/05/2024
BANKNIFTY2451548200PE,15/05/2024
BANKNIFTY2451548100CE,15/05/2024
BANKNIFTY2451548100PE,15/05/2024
BANKNIFTY2451548300CE,15/05/2024
BANKNIFTY2451548300PE,15/05/2024
BANKNIFTY2451548000CE,15/05/2024
BANKNIFTY2451548000PE,15/05/2024
BANKNIFTY2451548400CE,15/05/2024
BANKNIFTY2451548400PE,15/05/2024
BANKNIFTY2451547900CE,15/05/2024
BANKNIFTY2451547900PE,15/05/2024
BANKNIFTY2451548500CE,15/05/2024
BANKNIFTY2451548500PE,15/05/2024
BANKNIFTY2451547800CE,15/05/2024
BANKNIFTY2451547800PE,15/05/2024
BANKNIFTY2451548600CE,15/05/2024
BANKNIFTY2451548600PE,15/05/2024
BANKNIFTY2451547700CE,15/05/2024
BANKNIFTY2451547700PE,15/05/2024
BANKNIFTY2451548700CE,15/05/2024
BANKNIFTY2451548700PE,15/05/2024
BANKNIFTY2451547600CE,15/05/2024
BANKNIFTY2451547600PE,15/05/2024
BANKNIFTY2451548800CE,15/05/2024
BANKNIFTY2451548800PE,15/05/2024
BANKNIFTY2451547500CE,15/05/2024
BANKNIFTY2451547500PE,15/05/2024
BANKNIFTY2451548900CE,15/05/2024
BANKNIFTY2451548900PE,15/05/2024
BANKNIFTY2451549000PE,15/05/2024
BANKNIFTY2451556500CE,15/05/2024
BANKNIFTY2451556500PE,15/05/2024
BANKNIFTY2451556000CE,15/05/2024
BANKNIFTY2451556000PE,15/05/2024
BANKNIFTY2451555500CE,15/05/2024
BANKNIFTY2451555500PE,15/05/2024
BANKNIFTY2451555000CE,15/05/2024
BANKNIFTY2451555000PE,15/05/2024
BANKNIFTY2451554500CE,15/05/2024
BANKNIFTY2451554500PE,15/05/2024
BANKNIFTY2451554000CE,15/05/2024
BANKNIFTY2451554000PE,15/05/2024
BANKNIFTY2451553500CE,15/05/2024
BANKNIFTY2451553500PE,15/05/2024
BANKNIFTY2451553000CE,15/05/2024
BANKNIFTY2451553000PE,15/05/2024
BANKNIFTY2451552500CE,15/05/2024
BANKNIFTY2451552500PE,15/05/2024
BANKNIFTY2451552000CE,15/05/2024
BANKNIFTY2451552000PE,15/05/2024
BANKNIFTY2451551900CE,15/05/2024
BANKNIFTY2451551900PE,15/05/2024
BANKNIFTY2451551800CE,15/05/2024
BANKNIFTY2451551800PE,15/05/2024
BANKNIFTY2451551700CE,15/05/2024
BANKNIFTY2451551700PE,15/05/2024
BANKNIFTY2451551600CE,15/05/2024
BANKNIFTY2451551600PE,15/05/2024
BANKNIFTY2451551500CE,15/05/2024
BANKNIFTY2451551500PE,15/05/2024
BANKNIFTY2451551400CE,15/05/2024
BANKNIFTY2451551400PE,15/05/2024
BANKNIFTY2451551300CE,15/05/2024
BANKNIFTY2451551300PE,15/05/2024
BANKNIFTY2451551200CE,15/05/2024
BANKNIFTY2451551200PE,15/05/2024
BANKNIFTY2451551100CE,15/05/2024
BANKNIFTY2451551100PE,15/05/2024
BANKNIFTY2451551000CE,15/05/2024
BANKNIFTY2451551000PE,15/05/2024
BANKNIFTY2451550900CE,15/05/2024
BANKNIFTY2451550900PE,15/05/2024
BANKNIFTY2451550800CE,15/05/2024
BANKNIFTY2451550800PE,15/05/2024
BANKNIFTY2451550700CE,15/05/2024
BANKNIFTY2451550700PE,15/05/2024
BANKNIFTY2451550600CE,15/05/2024
BANKNIFTY2451550600PE,15/05/2024
BANKNIFTY2451550500CE,15/05/2024
BANKNIFTY2451550500PE,15/05/2024
BANKNIFTY2451550400CE,15/05/2024
BANKNIFTY2451550400PE,15/05/2024
BANKNIFTY2451550300CE,15/05/2024
BANKNIFTY2451550300PE,15/05/2024
BANKNIFTY2451550200CE,15/05/2024
BANKNIFTY2451550200PE,15/05/2024
BANKNIFTY2451550100CE,15/05/2024
BANKNIFTY2451550100PE,15/05/2024
BANKNIFTY2451550000CE,15/05/2024
BANKNIFTY2451550000PE,15/05/2024
BANKNIFTY2451549900CE,15/05/2024
BANKNIFTY2451549900PE,15/05/2024
BANKNIFTY2451549800CE,15/05/2024
BANKNIFTY2451549800PE,15/05/2024
BANKNIFTY2451549700CE,15/05/2024
BANKNIFTY2451549700PE,15/05/2024
BANKNIFTY2451549600CE,15/05/2024
BANKNIFTY2451549600PE,15/05/2024
BANKNIFTY2451549500CE,15/05/2024
BANKNIFTY2451549500PE,15/05/2024
BANKNIFTY2451549400CE,15/05/2024
BANKNIFTY2451549400PE,15/05/2024
BANKNIFTY2451549300CE,15/05/2024
BANKNIFTY2451549300PE,15/05/2024
BANKNIFTY2451549200CE,15/05/2024
BANKNIFTY2451549200PE,15/05/2024
BANKNIFTY2451549100CE,15/05/2024
BANKNIFTY2451549100PE,15/05/2024
BANKNIFTY2451549000CE,15/05/2024
BANKNIFTY2451547400CE,15/05/2024
BANKNIFTY2451547400PE,15/05/2024
BANKNIFTY2451547300CE,15/05/2024
BANKNIFTY2451547300PE,15/05/2024
BANKNIFTY2451547200CE,15/05/2024
BANKNIFTY2451547200PE,15/05/2024
BANKNIFTY2451547100CE,15/05/2024
BANKNIFTY2451547100PE,15/05/2024
BANKNIFTY2451547000CE,15/05/2024
BANKNIFTY2451547000PE,15/05/2024
BANKNIFTY2451546900CE,15/05/2024
BANKNIFTY2451546900PE,15/05/2024
BANKNIFTY2451546800CE,15/05/2024
BANKNIFTY2451546800PE,15/05/2024
BANKNIFTY2451546700CE,15/05/2024
BANKNIFTY2451546700PE,15/05/2024
BANKNIFTY2451546600CE,15/05/2024
BANKNIFTY2451546600PE,15/05/2024
BANKNIFTY2451546500CE,15/05/2024
BANKNIFTY2451546500PE,15/05/2024
BANKNIFTY2451546400CE,15/05/2024
BANKNIFTY2451546400PE,15/05/2024
BANKNIFTY2451546300CE,15/05/2024
BANKNIFTY2451546300PE,15/05/2024
BANKNIFTY2451546200CE,15/05/2024
BANKNIFTY2451546200PE,15/05/2024
BANKNIFTY2451546100CE,15/05/2024
BANKNIFTY2451546100PE,15/05/2024
BANKNIFTY2451546000CE,15/05/2024
BANKNIFTY2451546000PE,15/05/2024
BANKNIFTY2451545900CE,15/05/2024
BANKNIFTY2451545900PE,15/05/2024
BANKNIFTY2451545800CE,15/05/2024
BANKNIFTY2451545800PE,15/05/2024
BANKNIFTY2451545700CE,15/05/2024
BANKNIFTY2451545700PE,15/05/2024
BANKNIFTY2451545600CE,15/05/2024
BANKNIFTY2451545600PE,15/05/2024
BANKNIFTY2451545500CE,15/05/2024
BANKNIFTY2451545500PE,15/05/2024
BANKNIFTY2451545400CE,15/05/2024
BANKNIFTY2451545400PE,15/05/2024
BANKNIFTY2451545300CE,15/05/2024
BANKNIFTY2451545300PE,15/05/2024
BANKNIFTY2451545200CE,15/05/2024
BANKNIFTY2451545200PE,15/05/2024
BANKNIFTY2451545100CE,15/05/2024
BANKNIFTY2451545100PE,15/05/2024
BANKNIFTY2451545000CE,15/05/2024
BANKNIFTY2451545000PE,15/05/2024
BANKNIFTY2451544900CE,15/05/2024
BANKNIFTY2451544900PE,15/05/2024
BANKNIFTY2451544800CE,15/05/2024
BANKNIFTY2451544800PE,15/05/2024
BANKNIFTY2451544700CE,15/05/2024
BANKNIFTY2451544700PE,15/05/2024
BANKNIFTY2451544600CE,15/05/2024
BANKNIFTY2451544600PE,15/05/2024
BANKNIFTY2451544500CE,15/05/2024
BANKNIFTY2451544500PE,15/05/2024
BANKNIFTY2451544400CE,15/05/2024
BANKNIFTY2451544400PE,15/05/2024
BANKNIFTY2451544300CE,15/05/2024
BANKNIFTY2451544300PE,15/05/2024
BANKNIFTY2451544200CE,15/05/2024
BANKNIFTY2451544200PE,15/05/2024
BANKNIFTY2451544100CE,15/05/2024
BANKNIFTY2451544100PE,15/05/2024
BANKNIFTY2451544000CE,15/05/2024
BANKNIFTY2451544000PE,15/05/2024
BANKNIFTY2451543500CE,15/05/2024
BANKNIFTY2451543500PE,15/05/2024
BANKNIFTY2451543000CE,15/05/2024
BANKNIFTY2451543000PE,15/05/2024
BANKNIFTY2451542500CE,15/05/2024
BANKNIFTY2451542500PE,15/05/2024
BANKNIFTY2451542000CE,15/05/2024
BANKNIFTY2451542000PE,15/05/2024
BANKNIFTY2451541500CE,15/05/2024
BANKNIFTY2451541500PE,15/05/2024
BANKNIFTY2451541000CE,15/05/2024
BANKNIFTY2451541000PE,15/05/2024
BANKNIFTY2451540500CE,15/05/2024
BANKNIFTY2451540500PE,15/05/2024
BANKNIFTY2451540000CE,15/05/2024
BANKNIFTY2451540000PE,15/05/2024
BANKNIFTY2451539500CE,15/05/2024
BANKNIFTY2451539500PE,15/05/2024
BANKNIFTY2452248200CE,22/05/2024
BANKNIFTY2452248200PE,22/05/2024
BANKNIFTY2452248100CE,22/05/2024
BANKNIFTY2452248100PE,22/05/2024
BANKNIFTY2452248300CE,22/05/2024
BANKNIFTY2452248300PE,22/05/2024
BANKNIFTY2452248000CE,22/05/2024
BANKNIFTY2452248000PE,22/05/2024
BANKNIFTY2452248400CE,22/05/2024
BANKNIFTY2452248400PE,22/05/2024
BANKNIFTY2452247900CE,22/05/2024
BANKNIFTY2452247900PE,22/05/2024
BANKNIFTY2452248500CE,22/05/2024
BANKNIFTY2452248500PE,22/05/2024
BANKNIFTY2452247800CE,22/05/2024
BANKNIFTY2452247800PE,22/05/2024
BANKNIFTY2452248600CE,22/05/2024
BANKNIFTY2452248600PE,22/05/2024
BANKNIFTY2452247700CE,22/05/2024
BANKNIFTY2452247700PE,22/05/2024
BANKNIFTY2452248700CE,22/05/2024
BANKNIFTY2452248700PE,22/05/2024
BANKNIFTY2452247600CE,22/05/2024
BANKNIFTY2452247600PE,22/05/2024
BANKNIFTY2452248800CE,22/05/2024
BANKNIFTY2452248800PE,22/05/2024
BANKNIFTY2452247500CE,22/05/2024
BANKNIFTY2452247500PE,22/05/2024
BANKNIFTY2452248900CE,22/05/2024
BANKNIFTY2452248900PE,22/05/2024
BANKNIFTY2452249000PE,22/05/2024
BANKNIFTY2452256000CE,22/05/2024
BANKNIFTY2452256000PE,22/05/2024
BANKNIFTY2452255500CE,22/05/2024
BANKNIFTY2452255500PE,22/05/2024
BANKNIFTY2452255000CE,22/05/2024
BANKNIFTY2452255000PE,22/05/2024
BANKNIFTY2452254500CE,22/05/2024
BANKNIFTY2452254500PE,22/05/2024
BANKNIFTY2452254000CE,22/05/2024
BANKNIFTY2452254000PE,22/05/2024
BANKNIFTY2452253500CE,22/05/2024
BANKNIFTY2452253500PE,22/05/2024
BANKNIFTY2452253000CE,22/05/2024
BANKNIFTY2452253000PE,22/05/2024
BANKNIFTY2452252500CE,22/05/2024
BANKNIFTY2452252500PE,22/05/2024
BANKNIFTY2452252000CE,22/05/2024
BANKNIFTY2452252000PE,22/05/2024
BANKNIFTY2452251500CE,22/05/2024
BANKNIFTY2452251500PE,22/05/2024
BANKNIFTY2452251400CE,22/05/2024
BANKNIFTY2452251400PE,22/05/2024
BANKNIFTY2452251300CE,22/05/2024
BANKNIFTY2452251300PE,22/05/2024
BANKNIFTY2452251200CE,22/05/2024
BANKNIFTY2452251200PE,22/05/2024
BANKNIFTY2452251100CE,22/05/2024
BANKNIFTY2452251100PE,22/05/2024
BANKNIFTY2452251000CE,22/05/2024
BANKNIFTY2452251000PE,22/05/2024
BANKNIFTY2452250900CE,22/05/2024
BANKNIFTY2452250900PE,22/05/2024
BANKNIFTY2452250800CE,22/05/2024
BANKNIFTY2452250800PE,22/05/2024
BANKNIFTY2452250700CE,22/05/2024
BANKNIFTY2452250700PE,22/05/2024
BANKNIFTY2452250600CE,22/05/2024
BANKNIFTY2452250600PE,22/05/2024
BANKNIFTY2452250500CE,22/05/2024
BANKNIFTY2452250500PE,22/05/2024
BANKNIFTY2452250400CE,22/05/2024
BANKNIFTY2452250400PE,22/05/2024
BANKNIFTY2452250300CE,22/05/2024
BANKNIFTY2452250300PE,22/05/2024
BANKNIFTY2452250200CE,22/05/2024
BANKNIFTY2452250200PE,22/05/2024
BANKNIFTY2452250100CE,22/05/2024
BANKNIFTY2452250100PE,22/05/2024
BANKNIFTY2452250000CE,22/05/2024
BANKNIFTY2452250000PE,22/05/2024
BANKNIFTY2452249900CE,22/05/2024
BANKNIFTY2452249900PE,22/05/2024
BANKNIFTY2452249800CE,22/05/2024
BANKNIFTY2452249800PE,22/05/2024
BANKNIFTY2452249700CE,22/05/2024
BANKNIFTY2452249700PE,22/05/2024
BANKNIFTY2452249600CE,22/05/2024
BANKNIFTY2452249600PE,22/05/2024
BANKNIFTY2452249500CE,22/05/2024
BANKNIFTY2452249500PE,22/05/2024
BANKNIFTY2452249400CE,22/05/2024
BANKNIFTY2452249400PE,22/05/2024
BANKNIFTY2452249300CE,22/05/2024
BANKNIFTY2452249300PE,22/05/2024
BANKNIFTY2452249200CE,22/05/2024
BANKNIFTY2452249200PE,22/05/2024
BANKNIFTY2452249100CE,22/05/2024
BANKNIFTY2452249100PE,22/05/2024
BANKNIFTY2452249000CE,22/05/2024
BANKNIFTY2452247400CE,22/05/2024
BANKNIFTY2452247400PE,22/05/2024
BANKNIFTY2452247300CE,22/05/2024
BANKNIFTY2452247300PE,22/05/2024
BANKNIFTY2452247200CE,22/05/2024
BANKNIFTY2452247200PE,22/05/2024
BANKNIFTY2452247100CE,22/05/2024
BANKNIFTY2452247100PE,22/05/2024
BANKNIFTY2452247000CE,22/05/2024
BANKNIFTY2452247000PE,22/05/2024
BANKNIFTY2452246900CE,22/05/2024
BANKNIFTY2452246900PE,22/05/2024
BANKNIFTY2452246800CE,22/05/2024
BANKNIFTY2452246800PE,22/05/2024
BANKNIFTY2452246700CE,22/05/2024
BANKNIFTY2452246700PE,22/05/2024
BANKNIFTY2452246600CE,22/05/2024
BANKNIFTY2452246600PE,22/05/2024
BANKNIFTY2452246500CE,22/05/2024
BANKNIFTY2452246500PE,22/05/2024
BANKNIFTY2452246400CE,22/05/2024
BANKNIFTY2452246400PE,22/05/2024
BANKNIFTY2452246300CE,22/05/2024
BANKNIFTY2452246300PE,22/05/2024
BANKNIFTY2452246200CE,22/05/2024
BANKNIFTY2452246200PE,22/05/2024
BANKNIFTY2452246100CE,22/05/2024
BANKNIFTY2452246100PE,22/05/2024
BANKNIFTY2452246000CE,22/05/2024
BANKNIFTY2452246000PE,22/05/2024
BANKNIFTY2452245900CE,22/05/2024
BANKNIFTY2452245900PE,22/05/2024
BANKNIFTY2452245800CE,22/05/2024
BANKNIFTY2452245800PE,22/05/2024
BANKNIFTY2452245700CE,22/05/2024
BANKNIFTY2452245700PE,22/05/2024
BANKNIFTY2452245600CE,22/05/2024
BANKNIFTY2452245600PE,22/05/2024
BANKNIFTY2452245500CE,22/05/2024
BANKNIFTY2452245500PE,22/05/2024
BANKNIFTY2452245400CE,22/05/2024
BANKNIFTY2452245400PE,22/05/2024
BANKNIFTY2452245300CE,22/05/2024
BANKNIFTY2452245300PE,22/05/2024
BANKNIFTY2452245200CE,22/05/2024
BANKNIFTY2452245200PE,22/05/2024
BANKNIFTY2452245100CE,22/05/2024
BANKNIFTY2452245100PE,22/05/2024
BANKNIFTY2452245000CE,22/05/2024
BANKNIFTY2452245000PE,22/05/2024
BANKNIFTY2452244900CE,22/05/2024
BANKNIFTY2452244900PE,22/05/2024
BANKNIFTY2452244800CE,22/05/2024
BANKNIFTY2452244800PE,22/05/2024
BANKNIFTY2452244700CE,22/05/2024
BANKNIFTY2452244700PE,22/05/2024
BANKNIFTY2452244600CE,22/05/2024
BANKNIFTY2452244600PE,22/05/2024
BANKNIFTY2452244500CE,22/05/2024
BANKNIFTY2452244500PE,22/05/2024
BANKNIFTY2452244400CE,22/05/2024
BANKNIFTY2452244400PE,22/05/2024
BANKNIFTY2452244300CE,22/05/2024
BANKNIFTY2452244300PE,22/05/2024
BANKNIFTY2452244200CE,22/05/2024
BANKNIFTY2452244200PE,22/05/2024
BANKNIFTY2452244100CE,22/05/2024
BANKNIFTY2452244100PE,22/05/2024
BANKNIFTY2452244000CE,22/05/2024
BANKNIFTY2452244000PE,22/05/2024
BANKNIFTY2452243500CE,22/05/2024
BANKNIFTY2452243500PE,22/05/2024
BANKNIFTY2452243000CE,22/05/2024
BANKNIFTY2452243000PE,22/05/2024
BANKNIFTY2452242500CE,22/05/2024
BANKNIFTY2452242500PE,22/05/2024
BANKNIFTY2452242000CE,22/05/2024
BANKNIFTY2452242000PE,22/05/2024
BANKNIFTY2452241500CE,22/05/2024
BANKNIFTY2452241500PE,22/05/2024
BANKNIFTY2452241000CE,22/05/2024
BANKNIFTY2452241000PE,22/05/2024
BANKNIFTY2452240500CE,22/05/2024
BANKNIFTY2452240500PE,22/05/2024
BANKNIFTY2452240000CE,22/05/2024
BANKNIFTY2452240000PE,22/05/2024
BANKNIFTY2452239500CE,22/05/2024
BANKNIFTY2452239500PE,22/05/2024
BANKNIFTY24MAY48200CE,29/05/2024
BANKNIFTY24MAY48200PE,29/05/2024
BANKNIFTY24MAY48100CE,29/05/2024
BANKNIFTY24MAY48100PE,29/05/2024
BANKNIFTY24MAY48300CE,29/05/2024
BANKNIFTY24MAY48300PE,29/05/2024
BANKNIFTY24MAY48000CE,29/05/2024
BANKNIFTY24MAY48000PE,29/05/2024
BANKNIFTY24MAY48400CE,29/05/2024
BANKNIFTY24MAY48400PE,29/05/2024
BANKNIFTY24MAY47900CE,29/05/2024
BANKNIFTY24MAY47900PE,29/05/2024
BANKNIFTY24MAY48500CE,29/05/2024
BANKNIFTY24MAY48500PE,29/05/2024
BANKNIFTY24MAY47800CE,29/05/2024
BANKNIFTY24MAY47800PE,29/05/2024
BANKNIFTY24MAY48600CE,29/05/2024
BANKNIFTY24MAY48600PE,29/05/2024
BANKNIFTY24MAY47700CE,29/05/2024
BANKNIFTY24MAY47700PE,29/05/2024
BANKNIFTY24MAY48700CE,29/05/2024
BANKNIFTY24MAY48700PE,29/05/2024
BANKNIFTY24MAY47600CE,29/05/2024
BANKNIFTY24MAY47600PE,29/05/2024
BANKNIFTY24MAY48800CE,29/05/2024
BANKNIFTY24MAY48800PE,29/05/2024
BANKNIFTY24MAY47500CE,29/05/2024
BANKNIFTY24MAY47500PE,29/05/2024
BANKNIFTY24MAY48900CE,29/05/2024
BANKNIFTY24MAY48900PE,29/05/2024
BANKNIFTY24MAY49000PE,29/05/2024
BANKNIFTY24MAY56500CE,29/05/2024
BANKNIFTY24MAY56500PE,29/05/2024
BANKNIFTY24MAY56000CE,29/05/2024
BANKNIFTY24MAY56000PE,29/05/2024
BANKNIFTY24MAY55500CE,29/05/2024
BANKNIFTY24MAY55500PE,29/05/2024
BANKNIFTY24MAY55000CE,29/05/2024
BANKNIFTY24MAY55000PE,29/05/2024
BANKNIFTY24MAY54500CE,29/05/2024
BANKNIFTY24MAY54500PE,29/05/2024
BANKNIFTY24MAY54000CE,29/05/2024
BANKNIFTY24MAY54000PE,29/05/2024
BANKNIFTY24MAY53500CE,29/05/2024
BANKNIFTY24MAY53500PE,29/05/2024
BANKNIFTY24MAY53000CE,29/05/2024
BANKNIFTY24MAY53000PE,29/05/2024
BANKNIFTY24MAY52500CE,29/05/2024
BANKNIFTY24MAY52500PE,29/05/2024
BANKNIFTY24MAY52000CE,29/05/2024
BANKNIFTY24MAY52000PE,29/05/2024
BANKNIFTY24MAY51900CE,29/05/2024
BANKNIFTY24MAY51900PE,29/05/2024
BANKNIFTY24MAY51800CE,29/05/2024
BANKNIFTY24MAY51800PE,29/05/2024
BANKNIFTY24MAY51700CE,29/05/2024
BANKNIFTY24MAY51700PE,29/05/2024
BANKNIFTY24MAY51600CE,29/05/2024
BANKNIFTY24MAY51600PE,29/05/2024
BANKNIFTY24MAY51500CE,29/05/2024
BANKNIFTY24MAY51500PE,29/05/2024
BANKNIFTY24MAY51400CE,29/05/2024
BANKNIFTY24MAY51400PE,29/05/2024
BANKNIFTY24MAY51300CE,29/05/2024
BANKNIFTY24MAY51300PE,29/05/2024
BANKNIFTY24MAY51200CE,29/05/2024
BANKNIFTY24MAY51200PE,29/05/2024
BANKNIFTY24MAY51100CE,29/05/2024
BANKNIFTY24MAY51100PE,29/05/2024
BANKNIFTY24MAY51000CE,29/05/2024
BANKNIFTY24MAY51000PE,29/05/2024
BANKNIFTY24MAY50900CE,29/05/2024
BANKNIFTY24MAY50900PE,29/05/2024
BANKNIFTY24MAY50800CE,29/05/2024
BANKNIFTY24MAY50800PE,29/05/2024
BANKNIFTY24MAY50700CE,29/05/2024
BANKNIFTY24MAY50700PE,29/05/2024
BANKNIFTY24MAY50600CE,29/05/2024
BANKNIFTY24MAY50600PE,29/05/2024
BANKNIFTY24MAY50500CE,29/05/2024
BANKNIFTY24MAY50500PE,29/05/2024
BANKNIFTY24MAY50400CE,29/05/2024
BANKNIFTY24MAY50400PE,29/05/2024
BANKNIFTY24MAY50300CE,29/05/2024
BANKNIFTY24MAY50300PE,29/05/2024
BANKNIFTY24MAY50200CE,29/05/2024
BANKNIFTY24MAY50200PE,29/05/2024
BANKNIFTY24MAY50100CE,29/05/2024
BANKNIFTY24MAY50100PE,29/05/2024
BANKNIFTY24MAY50000CE,29/05/2024
BANKNIFTY24MAY50000PE,29/05/2024
BANKNIFTY24MAY49900CE,29/05/2024
BANKNIFTY24MAY49900PE,29/05/2024
BANKNIFTY24MAY49800CE,29/05/2024
BANKNIFTY24MAY49800PE,29/05/2024
BANKNIFTY24MAY49700CE,29/05/2024
BANKNIFTY24MAY49700PE,29/05/2024
BANKNIFTY24MAY49600CE,29/05/2024
BANKNIFTY24MAY49600PE,29/05/2024
BANKNIFTY24MAY49500CE,29/05/2024
BANKNIFTY24MAY49500PE,29/05/2024
BANKNIFTY24MAY49400CE,29/05/2024
BANKNIFTY24MAY49400PE,29/05/2024
BANKNIFTY24MAY49300CE,29/05/2024
BANKNIFTY24MAY49300PE,29/05/2024
BANKNIFTY24MAY49200CE,29/05/2024
BANKNIFTY24MAY49200PE,29/05/2024
BANKNIFTY24MAY49100CE,29/05/2024
BANKNIFTY24MAY49100PE,29/05/2024
BANKNIFTY24MAY49000CE,29/05/2024
BANKNIFTY24MAY47400CE,29/05/2024
BANKNIFTY24MAY47400PE,29/05/2024
BANKNIFTY24MAY47300CE,29/05/2024
BANKNIFTY24MAY47300PE,29/05/2024
BANKNIFTY24MAY47200CE,29/05/2024
BANKNIFTY24MAY47200PE,29/05/2024
BANKNIFTY24MAY47100CE,29/05/2024
BANKNIFTY24MAY47100PE,29/05/2024
BANKNIFTY24MAY47000CE,29/05/2024
BANKNIFTY24MAY47000PE,29/05/2024
BANKNIFTY24MAY46900CE,29/05/2024
BANKNIFTY24MAY46900PE,29/05/2024
BANKNIFTY24MAY46800CE,29/05/2024
BANKNIFTY24MAY46800PE,29/05/2024
BANKNIFTY24MAY46700CE,29/05/2024
BANKNIFTY24MAY46700PE,29/05/2024
BANKNIFTY24MAY46600CE,29/05/2024
BANKNIFTY24MAY46600PE,29/05/2024
BANKNIFTY24MAY46500CE,29/05/2024
BANKNIFTY24MAY46500PE,29/05/2024
BANKNIFTY24MAY46400CE,29/05/2024
BANKNIFTY24MAY46400PE,29/05/2024
BANKNIFTY24MAY46300CE,29/05/2024
BANKNIFTY24MAY46300PE,29/05/2024
BANKNIFTY24MAY46200CE,29/05/2024
BANKNIFTY24MAY46200PE,29/05/2024
BANKNIFTY24MAY46100CE,29/05/2024
BANKNIFTY24MAY46100PE,29/05/2024
BANKNIFTY24MAY46000CE,29/05/2024
BANKNIFTY24MAY46000PE,29/05/2024
BANKNIFTY24MAY45900CE,29/05/2024
BANKNIFTY24MAY45900PE,29/05/2024
BANKNIFTY24MAY45800CE,29/05/2024
BANKNIFTY24MAY45800PE,29/05/2024
BANKNIFTY24MAY45700CE,29/05/2024
BANKNIFTY24MAY45700PE,29/05/2024
BANKNIFTY24MAY45600CE,29/05/2024
BANKNIFTY24MAY45600PE,29/05/2024
BANKNIFTY24MAY45500CE,29/05/2024
BANKNIFTY24MAY45500PE,29/05/2024
BANKNIFTY24MAY45400CE,29/05/2024
BANKNIFTY24MAY45400PE,29/05/2024
BANKNIFTY24MAY45300CE,29/05/2024
BANKNIFTY24MAY45300PE,29/05/2024
BANKNIFTY24MAY45200CE,29/05/2024
BANKNIFTY24MAY45200PE,29/05/2024
BANKNIFTY24MAY45100CE,29/05/2024
BANKNIFTY24MAY45100PE,29/05/2024
BANKNIFTY24MAY45000CE,29/05/2024
BANKNIFTY24MAY45000PE,29/05/2024
BANKNIFTY24MAY44900CE,29/05/2024
BANKNIFTY24MAY44900PE,29/05/2024
BANKNIFTY24MAY44800CE,29/05/2024
BANKNIFTY24MAY44800PE,29/05/2024
BANKNIFTY24MAY44700CE,29/05/2024
BANKNIFTY24MAY44700PE,29/05/2024
BANKNIFTY24MAY44600CE,29/05/2024
BANKNIFTY24MAY44600PE,29/05/2024
BANKNIFTY24MAY44500CE,29/05/2024
BANKNIFTY24MAY44500PE,29/05/2024
BANKNIFTY24MAY44400CE,29/05/2024
BANKNIFTY24MAY44400PE,29/05/2024
BANKNIFTY24MAY44300CE,29/05/2024
BANKNIFTY24MAY44300PE,29/05/2024
BANKNIFTY24MAY44200CE,29/05/2024
BANKNIFTY24MAY44200PE,29/05/2024
BANKNIFTY24MAY44100CE,29/05/2024
BANKNIFTY24MAY44100PE,29/05/2024
BANKNIFTY24MAY44000CE,29/05/2024
BANKNIFTY24MAY44000PE,29/05/2024
BANKNIFTY24MAY43900CE,29/05/2024
BANKNIFTY24MAY43900PE,29/05/2024
BANKNIFTY24MAY43800CE,29/05/2024
BANKNIFTY24MAY43800PE,29/05/2024
BANKNIFTY24MAY43700CE,29/05/2024
BANKNIFTY24MAY43700PE,29/05/2024
BANKNIFTY24MAY43600CE,29/05/2024
BANKNIFTY24MAY43600PE,29/05/2024
BANKNIFTY24MAY43500CE,29/05/2024
BANKNIFTY24MAY43500PE,29/05/2024
BANKNIFTY24MAY43400CE,29/05/2024
BANKNIFTY24MAY43400PE,29/05/2024
BANKNIFTY24MAY43300CE,29/05/2024
BANKNIFTY24MAY43300PE,29/05/2024
BANKNIFTY24MAY43200CE,29/05/2024
BANKNIFTY24MAY43200PE,29/05/2024
BANKNIFTY24MAY43100CE,29/05/2024
BANKNIFTY24MAY43100PE,29/05/2024
BANKNIFTY24MAY43000CE,29/05/2024
BANKNIFTY24MAY43000PE,29/05/2024
BANKNIFTY24MAY42500CE,29/05/2024
BANKNIFTY24MAY42500PE,29/05/2024
BANKNIFTY24MAY42000CE,29/05/2024
BANKNIFTY24MAY42000PE,29/05/2024
BANKNIFTY24MAY41500CE,29/05/2024
BANKNIFTY24MAY41500PE,29/05/2024
BANKNIFTY24MAY41000CE,29/05/2024
BANKNIFTY24MAY41000PE,29/05/2024
BANKNIFTY24MAY40500CE,29/05/2024
BANKNIFTY24MAY40500PE,29/05/2024
BANKNIFTY24MAY40000CE,29/05/2024
BANKNIFTY24MAY40000PE,29/05/2024
BANKNIFTY24MAY39500CE,29/05/2024
BANKNIFTY24MAY39500PE,29/05/2024
BANKNIFTY24MAY39000CE,29/05/2024
BANKNIFTY24MAY39000PE,29/05/2024
BANKNIFTY24MAY38500CE,29/05/2024
BANKNIFTY24MAY38500PE,29/05/2024
BANKNIFTY1,
